[
{
  "model": "quiz.quiz",
  "pk": 1,
  "fields": {
    "name": "Mental health Awareness",
    "topic": "Mental health",
    "slug": "mental-health-awareness",
    "number_of_questions": 2,
    "time": 30,
    "required_score_to_pass": 100,
    "difficulty": "easy"
  }
},
{
  "model": "quiz.quiz",
  "pk": 2,
  "fields": {
    "name": "Safeguarding",
    "topic": "Safeguarding",
    "slug": "Understanding-Safeguarding",
    "number_of_questions": 10,
    "time": 60,
    "required_score_to_pass": 85,
    "difficulty": "easy"
  }
},
{
  "model": "quiz.quiz",
  "pk": 3,
  "fields": {
    "name": "Infection Control",
    "topic": "Infection Control",
    "slug": "infection-control",
    "number_of_questions": 10,
    "time": 30,
    "required_score_to_pass": 75,
    "difficulty": "medium"
  }
},
{
  "model": "quiz.quiz",
  "pk": 4,
  "fields": {
    "name": "Fire Safety",
    "topic": "Fire safety",
    "slug": "fire-safety",
    "number_of_questions": 10,
    "time": 5,
    "required_score_to_pass": 85,
    "difficulty": "medium"
  }
},
{
  "model": "quiz.quiz",
  "pk": 5,
  "fields": {
    "name": "Manual Handling",
    "topic": "Manual handling",
    "slug": "manual-handling",
    "number_of_questions": 10,
    "time": 5,
    "required_score_to_pass": 85,
    "difficulty": "medium"
  }
},
{
  "model": "quiz.question",
  "pk": 1,
  "fields": {
    "text": "Who has mental health?",
    "quiz": 1,
    "created": "2022-08-13T15:20:13.274Z"
  }
},
{
  "model": "quiz.question",
  "pk": 2,
  "fields": {
    "text": "What is mental health?",
    "quiz": 1,
    "created": "2022-08-13T15:20:55.688Z"
  }
},
{
  "model": "quiz.question",
  "pk": 3,
  "fields": {
    "text": "Safeguarding is?",
    "quiz": 2,
    "created": "2022-08-14T04:17:41.569Z"
  }
},
{
  "model": "quiz.question",
  "pk": 4,
  "fields": {
    "text": "Who needs safeguarding?",
    "quiz": 2,
    "created": "2022-08-14T04:18:12.522Z"
  }
},
{
  "model": "quiz.question",
  "pk": 5,
  "fields": {
    "text": "Which two are legislation feeding into safeguarding",
    "quiz": 2,
    "created": "2022-08-14T04:18:55.501Z"
  }
},
{
  "model": "quiz.question",
  "pk": 6,
  "fields": {
    "text": "What is the difference between safeguarding and child protection",
    "quiz": 2,
    "created": "2022-08-14T04:19:32.843Z"
  }
},
{
  "model": "quiz.question",
  "pk": 7,
  "fields": {
    "text": "True or false child and adult safeguarding have the exact same legislation to follow",
    "quiz": 2,
    "created": "2022-08-14T04:20:29.985Z"
  }
},
{
  "model": "quiz.question",
  "pk": 8,
  "fields": {
    "text": "Which of the following are categories of abuse?",
    "quiz": 2,
    "created": "2022-08-14T04:21:16.451Z"
  }
},
{
  "model": "quiz.question",
  "pk": 9,
  "fields": {
    "text": "Which of the following are signs/indicators",
    "quiz": 2,
    "created": "2022-08-14T04:21:51.666Z"
  }
},
{
  "model": "quiz.question",
  "pk": 10,
  "fields": {
    "text": "How would you report a concern",
    "quiz": 2,
    "created": "2022-08-14T04:22:21.908Z"
  }
},
{
  "model": "quiz.question",
  "pk": 11,
  "fields": {
    "text": "which two are common models used by local authorities to support in decision making?",
    "quiz": 2,
    "created": "2022-08-14T04:23:10.147Z"
  }
},
{
  "model": "quiz.question",
  "pk": 12,
  "fields": {
    "text": "Common themes from serious case reviews",
    "quiz": 2,
    "created": "2022-08-14T04:23:58.212Z"
  }
},
{
  "model": "quiz.question",
  "pk": 13,
  "fields": {
    "text": "1. What is the most common way infections spread?",
    "quiz": 3,
    "created": "2022-09-21T14:37:15.701Z"
  }
},
{
  "model": "quiz.question",
  "pk": 14,
  "fields": {
    "text": "What is the best way to prevent infections spreading?",
    "quiz": 3,
    "created": "2022-09-21T14:38:08.978Z"
  }
},
{
  "model": "quiz.question",
  "pk": 15,
  "fields": {
    "text": "What is meant by a touch point?",
    "quiz": 3,
    "created": "2022-09-21T14:38:40.361Z"
  }
},
{
  "model": "quiz.question",
  "pk": 16,
  "fields": {
    "text": "Before Dusting you should?",
    "quiz": 3,
    "created": "2022-09-21T14:39:10.425Z"
  }
},
{
  "model": "quiz.question",
  "pk": 17,
  "fields": {
    "text": "Mops and buckets should be colour coded indicating what area they should be used in?",
    "quiz": 3,
    "created": "2022-09-21T14:40:04.271Z"
  }
},
{
  "model": "quiz.question",
  "pk": 18,
  "fields": {
    "text": "Which of the below are legislation relating to infection protection, prevention and control? Tick all that apply",
    "quiz": 3,
    "created": "2022-09-21T14:41:16.643Z"
  }
},
{
  "model": "quiz.question",
  "pk": 19,
  "fields": {
    "text": "What colour bin does cytotoxic waste go in?",
    "quiz": 3,
    "created": "2022-09-21T14:42:33.711Z"
  }
},
{
  "model": "quiz.question",
  "pk": 20,
  "fields": {
    "text": "What colour bin does domestic waste go in?",
    "quiz": 3,
    "created": "2022-09-21T14:44:07.551Z"
  }
},
{
  "model": "quiz.question",
  "pk": 21,
  "fields": {
    "text": "What waste goes in an orange bin?",
    "quiz": 3,
    "created": "2022-09-21T14:44:33.256Z"
  }
},
{
  "model": "quiz.question",
  "pk": 22,
  "fields": {
    "text": "What waste goes in a yellow bin with a black stripe?",
    "quiz": 3,
    "created": "2022-09-21T14:45:00.336Z"
  }
},
{
  "model": "quiz.question",
  "pk": 23,
  "fields": {
    "text": "What legislation feeds in to fire safety in the work place",
    "quiz": 4,
    "created": "2022-10-06T09:21:29.691Z"
  }
},
{
  "model": "quiz.question",
  "pk": 24,
  "fields": {
    "text": "What documents should you have in place. Tick all that apply.",
    "quiz": 4,
    "created": "2022-10-06T09:23:38.854Z"
  }
},
{
  "model": "quiz.question",
  "pk": 25,
  "fields": {
    "text": "Which the three elements complete the fire triangle",
    "quiz": 4,
    "created": "2022-10-06T09:25:27.660Z"
  }
},
{
  "model": "quiz.question",
  "pk": 26,
  "fields": {
    "text": "What should you do each and everyday to minimise the risk of fire?",
    "quiz": 4,
    "created": "2022-10-06T09:26:24.854Z"
  }
},
{
  "model": "quiz.question",
  "pk": 27,
  "fields": {
    "text": "In the event of a fire what action should you take?",
    "quiz": 4,
    "created": "2022-10-06T09:26:53.477Z"
  }
},
{
  "model": "quiz.question",
  "pk": 28,
  "fields": {
    "text": "When speaking to the fire and rescue service what must you make sure they repeat back to you before hanging up?",
    "quiz": 4,
    "created": "2022-10-06T09:27:32.709Z"
  }
},
{
  "model": "quiz.question",
  "pk": 29,
  "fields": {
    "text": "A red fire extinguisher is",
    "quiz": 4,
    "created": "2022-10-06T09:28:22.559Z"
  }
},
{
  "model": "quiz.question",
  "pk": 30,
  "fields": {
    "text": "A black extinguisher is",
    "quiz": 4,
    "created": "2022-10-06T09:29:07.649Z"
  }
},
{
  "model": "quiz.question",
  "pk": 31,
  "fields": {
    "text": "A blue extinguisher is",
    "quiz": 4,
    "created": "2022-10-06T09:29:52.178Z"
  }
},
{
  "model": "quiz.question",
  "pk": 32,
  "fields": {
    "text": "When can you re-enter the building",
    "quiz": 4,
    "created": "2022-10-06T09:30:15.725Z"
  }
},
{
  "model": "quiz.question",
  "pk": 33,
  "fields": {
    "text": "What is the regulation for moving and handling?",
    "quiz": 5,
    "created": "2022-10-11T11:13:17.850Z"
  }
},
{
  "model": "quiz.question",
  "pk": 34,
  "fields": {
    "text": "How many working days were lost in the year 2014/2015 to injuries from moving and handling?",
    "quiz": 5,
    "created": "2022-10-11T11:13:46.739Z"
  }
},
{
  "model": "quiz.question",
  "pk": 35,
  "fields": {
    "text": "What is the first principle of moving and handling?",
    "quiz": 5,
    "created": "2022-10-11T11:14:11.910Z"
  }
},
{
  "model": "quiz.question",
  "pk": 36,
  "fields": {
    "text": "Who are more commonly impacted by moving and handling injuries?",
    "quiz": 5,
    "created": "2022-10-11T11:14:34.454Z"
  }
},
{
  "model": "quiz.question",
  "pk": 37,
  "fields": {
    "text": "You should keep your spine in",
    "quiz": 5,
    "created": "2022-10-11T11:14:57.498Z"
  }
},
{
  "model": "quiz.question",
  "pk": 38,
  "fields": {
    "text": "What are three categories of injury from moving and handling?",
    "quiz": 5,
    "created": "2022-10-11T11:15:22.450Z"
  }
},
{
  "model": "quiz.question",
  "pk": 39,
  "fields": {
    "text": "You should keep the load close to your",
    "quiz": 5,
    "created": "2022-10-11T11:15:49.355Z"
  }
},
{
  "model": "quiz.question",
  "pk": 40,
  "fields": {
    "text": "When should you use a hoist or other piece of equipment?",
    "quiz": 5,
    "created": "2022-10-11T11:16:20.008Z"
  }
},
{
  "model": "quiz.question",
  "pk": 41,
  "fields": {
    "text": "When moving someone you say",
    "quiz": 5,
    "created": "2022-10-11T11:16:47.168Z"
  }
},
{
  "model": "quiz.question",
  "pk": 42,
  "fields": {
    "text": "Who has responsibility for ensuring safe moving and handling",
    "quiz": 5,
    "created": "2022-10-11T11:17:20.521Z"
  }
},
{
  "model": "quiz.answer",
  "pk": 1,
  "fields": {
    "text": "Everyone",
    "correct": true,
    "question": 1,
    "created": "2022-08-13T15:20:13.275Z"
  }
},
{
  "model": "quiz.answer",
  "pk": 2,
  "fields": {
    "text": "Only those who are ill.",
    "correct": false,
    "question": 1,
    "created": "2022-08-13T15:20:13.275Z"
  }
},
{
  "model": "quiz.answer",
  "pk": 3,
  "fields": {
    "text": "The health of our mind",
    "correct": true,
    "question": 2,
    "created": "2022-08-13T15:20:55.689Z"
  }
},
{
  "model": "quiz.answer",
  "pk": 4,
  "fields": {
    "text": "The health of our physical self",
    "correct": false,
    "question": 2,
    "created": "2022-08-13T15:20:55.689Z"
  }
},
{
  "model": "quiz.answer",
  "pk": 5,
  "fields": {
    "text": "Protecting People from neglect abuse and harm",
    "correct": true,
    "question": 3,
    "created": "2022-08-14T04:17:41.570Z"
  }
},
{
  "model": "quiz.answer",
  "pk": 6,
  "fields": {
    "text": "Guarding People from strangers",
    "correct": false,
    "question": 3,
    "created": "2022-08-14T04:17:41.571Z"
  }
},
{
  "model": "quiz.answer",
  "pk": 7,
  "fields": {
    "text": "Only those under 18",
    "correct": false,
    "question": 4,
    "created": "2022-08-14T04:18:12.523Z"
  }
},
{
  "model": "quiz.answer",
  "pk": 8,
  "fields": {
    "text": "Children, young people, adults at risk and the elderly receiving care.",
    "correct": true,
    "question": 4,
    "created": "2022-08-14T04:18:12.524Z"
  }
},
{
  "model": "quiz.answer",
  "pk": 9,
  "fields": {
    "text": "Children's act 2004 and care act 2014",
    "correct": true,
    "question": 5,
    "created": "2022-08-14T04:18:55.502Z"
  }
},
{
  "model": "quiz.answer",
  "pk": 10,
  "fields": {
    "text": "Data protection act 1998 and driving offences act.",
    "correct": false,
    "question": 5,
    "created": "2022-08-14T04:18:55.503Z"
  }
},
{
  "model": "quiz.answer",
  "pk": 11,
  "fields": {
    "text": "Safeguarding is what we do to prevent child protection",
    "correct": true,
    "question": 6,
    "created": "2022-08-14T04:19:32.844Z"
  }
},
{
  "model": "quiz.answer",
  "pk": 12,
  "fields": {
    "text": "Child protection and safeguarding are the same",
    "correct": false,
    "question": 6,
    "created": "2022-08-14T04:19:32.845Z"
  }
},
{
  "model": "quiz.answer",
  "pk": 13,
  "fields": {
    "text": "True",
    "correct": true,
    "question": 7,
    "created": "2022-08-14T04:20:29.986Z"
  }
},
{
  "model": "quiz.answer",
  "pk": 14,
  "fields": {
    "text": "False",
    "correct": false,
    "question": 7,
    "created": "2022-08-14T04:20:29.987Z"
  }
},
{
  "model": "quiz.answer",
  "pk": 15,
  "fields": {
    "text": "Physical Emotional neglect sexual",
    "correct": true,
    "question": 8,
    "created": "2022-08-14T04:21:16.453Z"
  }
},
{
  "model": "quiz.answer",
  "pk": 16,
  "fields": {
    "text": "Physiotherapy Education nerves sinister",
    "correct": false,
    "question": 8,
    "created": "2022-08-14T04:21:16.453Z"
  }
},
{
  "model": "quiz.answer",
  "pk": 17,
  "fields": {
    "text": "Happy, making friends, good progress in education with good attendance",
    "correct": false,
    "question": 9,
    "created": "2022-08-14T04:21:51.667Z"
  }
},
{
  "model": "quiz.answer",
  "pk": 18,
  "fields": {
    "text": "Changes in behaviour,  bed wetting, over familiarity",
    "correct": true,
    "question": 9,
    "created": "2022-08-14T04:21:51.667Z"
  }
},
{
  "model": "quiz.answer",
  "pk": 19,
  "fields": {
    "text": "Nothing not my problem",
    "correct": false,
    "question": 10,
    "created": "2022-08-14T04:22:21.909Z"
  }
},
{
  "model": "quiz.answer",
  "pk": 20,
  "fields": {
    "text": "Follow organisational policy and procedure, call the police, local authority or NSPCC.",
    "correct": true,
    "question": 10,
    "created": "2022-08-14T04:22:21.909Z"
  }
},
{
  "model": "quiz.answer",
  "pk": 21,
  "fields": {
    "text": "Hide and seek, how and tell",
    "correct": false,
    "question": 11,
    "created": "2022-08-14T04:23:10.148Z"
  }
},
{
  "model": "quiz.answer",
  "pk": 22,
  "fields": {
    "text": "Signs of safety and family resilience level of need.",
    "correct": true,
    "question": 11,
    "created": "2022-08-14T04:23:10.149Z"
  }
},
{
  "model": "quiz.answer",
  "pk": 23,
  "fields": {
    "text": "Poor record keeping, failing to listen to views of child or young person, failing to act or not notice early signs, slow at sharing information, lack of challenge.",
    "correct": true,
    "question": 12,
    "created": "2022-08-14T04:23:58.213Z"
  }
},
{
  "model": "quiz.answer",
  "pk": 24,
  "fields": {
    "text": "No one did anything wrong.",
    "correct": false,
    "question": 12,
    "created": "2022-08-14T04:23:58.214Z"
  }
},
{
  "model": "quiz.answer",
  "pk": 25,
  "fields": {
    "text": "Poor hand hygiene",
    "correct": true,
    "question": 13,
    "created": "2022-09-21T14:37:15.702Z"
  }
},
{
  "model": "quiz.answer",
  "pk": 26,
  "fields": {
    "text": "Cross contamination",
    "correct": false,
    "question": 13,
    "created": "2022-09-21T14:37:15.702Z"
  }
},
{
  "model": "quiz.answer",
  "pk": 27,
  "fields": {
    "text": "Wear PPE",
    "correct": false,
    "question": 14,
    "created": "2022-09-21T14:38:08.978Z"
  }
},
{
  "model": "quiz.answer",
  "pk": 28,
  "fields": {
    "text": "Regular Handwashing",
    "correct": true,
    "question": 14,
    "created": "2022-09-21T14:38:08.979Z"
  }
},
{
  "model": "quiz.answer",
  "pk": 29,
  "fields": {
    "text": "A subject people don't want to talk about",
    "correct": false,
    "question": 15,
    "created": "2022-09-21T14:38:40.363Z"
  }
},
{
  "model": "quiz.answer",
  "pk": 30,
  "fields": {
    "text": "Common areas touched by people eg. Door handles, keyboards...",
    "correct": true,
    "question": 15,
    "created": "2022-09-21T14:38:40.366Z"
  }
},
{
  "model": "quiz.answer",
  "pk": 31,
  "fields": {
    "text": "Mop it",
    "correct": false,
    "question": 16,
    "created": "2022-09-21T14:39:10.426Z"
  }
},
{
  "model": "quiz.answer",
  "pk": 32,
  "fields": {
    "text": "Damp dust",
    "correct": true,
    "question": 16,
    "created": "2022-09-21T14:39:10.427Z"
  }
},
{
  "model": "quiz.answer",
  "pk": 33,
  "fields": {
    "text": "True",
    "correct": false,
    "question": 17,
    "created": "2022-09-21T14:40:04.274Z"
  }
},
{
  "model": "quiz.answer",
  "pk": 34,
  "fields": {
    "text": "False",
    "correct": true,
    "question": 17,
    "created": "2022-09-21T14:40:04.276Z"
  }
},
{
  "model": "quiz.answer",
  "pk": 35,
  "fields": {
    "text": "The Health and Social Care Act 2008",
    "correct": true,
    "question": 18,
    "created": "2022-09-21T14:41:16.646Z"
  }
},
{
  "model": "quiz.answer",
  "pk": 36,
  "fields": {
    "text": "Data protection act",
    "correct": false,
    "question": 18,
    "created": "2022-09-21T14:41:16.646Z"
  }
},
{
  "model": "quiz.answer",
  "pk": 37,
  "fields": {
    "text": "Health and Safety at work activities 1974",
    "correct": true,
    "question": 18,
    "created": "2022-09-21T14:41:16.646Z"
  }
},
{
  "model": "quiz.answer",
  "pk": 38,
  "fields": {
    "text": "Blue",
    "correct": false,
    "question": 19,
    "created": "2022-09-21T14:42:33.712Z"
  }
},
{
  "model": "quiz.answer",
  "pk": 39,
  "fields": {
    "text": "Purple",
    "correct": true,
    "question": 19,
    "created": "2022-09-21T14:42:33.713Z"
  }
},
{
  "model": "quiz.answer",
  "pk": 40,
  "fields": {
    "text": "Black",
    "correct": false,
    "question": 20,
    "created": "2022-09-21T14:44:07.552Z"
  }
},
{
  "model": "quiz.answer",
  "pk": 41,
  "fields": {
    "text": "Orange",
    "correct": true,
    "question": 20,
    "created": "2022-09-21T14:44:07.552Z"
  }
},
{
  "model": "quiz.answer",
  "pk": 42,
  "fields": {
    "text": "Recycling",
    "correct": false,
    "question": 21,
    "created": "2022-09-21T14:44:33.257Z"
  }
},
{
  "model": "quiz.answer",
  "pk": 43,
  "fields": {
    "text": "Infectious waste",
    "correct": true,
    "question": 21,
    "created": "2022-09-21T14:44:33.258Z"
  }
},
{
  "model": "quiz.answer",
  "pk": 44,
  "fields": {
    "text": "Offensive",
    "correct": true,
    "question": 22,
    "created": "2022-09-21T14:45:00.336Z"
  }
},
{
  "model": "quiz.answer",
  "pk": 45,
  "fields": {
    "text": "Hazardous",
    "correct": false,
    "question": 22,
    "created": "2022-09-21T14:45:00.337Z"
  }
},
{
  "model": "quiz.answer",
  "pk": 46,
  "fields": {
    "text": "Fire Exits Act",
    "correct": false,
    "question": 23,
    "created": "2022-10-06T09:21:29.691Z"
  }
},
{
  "model": "quiz.answer",
  "pk": 47,
  "fields": {
    "text": "The Regulatory reform (fire safety) order (2005)",
    "correct": true,
    "question": 23,
    "created": "2022-10-06T09:21:29.692Z"
  }
},
{
  "model": "quiz.answer",
  "pk": 48,
  "fields": {
    "text": "PEEP",
    "correct": false,
    "question": 24,
    "created": "2022-10-06T09:23:38.855Z"
  }
},
{
  "model": "quiz.answer",
  "pk": 49,
  "fields": {
    "text": "Risk Assessment",
    "correct": false,
    "question": 24,
    "created": "2022-10-06T09:23:38.856Z"
  }
},
{
  "model": "quiz.answer",
  "pk": 50,
  "fields": {
    "text": "Fire log to record your checks",
    "correct": false,
    "question": 24,
    "created": "2022-10-06T09:23:38.856Z"
  }
},
{
  "model": "quiz.answer",
  "pk": 51,
  "fields": {
    "text": "All of the above",
    "correct": true,
    "question": 24,
    "created": "2022-10-06T09:23:38.858Z"
  }
},
{
  "model": "quiz.answer",
  "pk": 52,
  "fields": {
    "text": "Heat, Fuel, Oxygen",
    "correct": true,
    "question": 25,
    "created": "2022-10-06T09:25:27.661Z"
  }
},
{
  "model": "quiz.answer",
  "pk": 53,
  "fields": {
    "text": "Fuel, Oxygen, Carbon",
    "correct": false,
    "question": 25,
    "created": "2022-10-06T09:25:27.661Z"
  }
},
{
  "model": "quiz.answer",
  "pk": 54,
  "fields": {
    "text": "Oxygen, Carbon Heat",
    "correct": false,
    "question": 25,
    "created": "2022-10-06T09:25:27.662Z"
  }
},
{
  "model": "quiz.answer",
  "pk": 55,
  "fields": {
    "text": "Keep bins empty",
    "correct": false,
    "question": 26,
    "created": "2022-10-06T09:26:24.856Z"
  }
},
{
  "model": "quiz.answer",
  "pk": 56,
  "fields": {
    "text": "Check electrical equipment for signs of damage",
    "correct": false,
    "question": 26,
    "created": "2022-10-06T09:26:24.856Z"
  }
},
{
  "model": "quiz.answer",
  "pk": 57,
  "fields": {
    "text": "Keep External bins away from the house",
    "correct": false,
    "question": 26,
    "created": "2022-10-06T09:26:24.857Z"
  }
},
{
  "model": "quiz.answer",
  "pk": 58,
  "fields": {
    "text": "Make sure fire doors are not propped open",
    "correct": false,
    "question": 26,
    "created": "2022-10-06T09:26:24.857Z"
  }
},
{
  "model": "quiz.answer",
  "pk": 59,
  "fields": {
    "text": "All of the above",
    "correct": true,
    "question": 26,
    "created": "2022-10-06T09:26:24.857Z"
  }
},
{
  "model": "quiz.answer",
  "pk": 60,
  "fields": {
    "text": "Tell everyone to stand back you've been trained and can handle this",
    "correct": false,
    "question": 27,
    "created": "2022-10-06T09:26:53.478Z"
  }
},
{
  "model": "quiz.answer",
  "pk": 61,
  "fields": {
    "text": "Follow your emergency evacuation procedure",
    "correct": true,
    "question": 27,
    "created": "2022-10-06T09:26:53.479Z"
  }
},
{
  "model": "quiz.answer",
  "pk": 62,
  "fields": {
    "text": "Your address",
    "correct": true,
    "question": 28,
    "created": "2022-10-06T09:27:32.710Z"
  }
},
{
  "model": "quiz.answer",
  "pk": 63,
  "fields": {
    "text": "Their address",
    "correct": false,
    "question": 28,
    "created": "2022-10-06T09:27:32.710Z"
  }
},
{
  "model": "quiz.answer",
  "pk": 64,
  "fields": {
    "text": "Estimated time of arrival",
    "correct": false,
    "question": 28,
    "created": "2022-10-06T09:27:32.711Z"
  }
},
{
  "model": "quiz.answer",
  "pk": 65,
  "fields": {
    "text": "Water based",
    "correct": true,
    "question": 29,
    "created": "2022-10-06T09:28:22.560Z"
  }
},
{
  "model": "quiz.answer",
  "pk": 66,
  "fields": {
    "text": "Foam based",
    "correct": false,
    "question": 29,
    "created": "2022-10-06T09:28:22.560Z"
  }
},
{
  "model": "quiz.answer",
  "pk": 67,
  "fields": {
    "text": "Chemical based",
    "correct": false,
    "question": 30,
    "created": "2022-10-06T09:29:07.649Z"
  }
},
{
  "model": "quiz.answer",
  "pk": 68,
  "fields": {
    "text": "Carbon dioxide",
    "correct": true,
    "question": 30,
    "created": "2022-10-06T09:29:07.650Z"
  }
},
{
  "model": "quiz.answer",
  "pk": 69,
  "fields": {
    "text": "Dry powder",
    "correct": true,
    "question": 31,
    "created": "2022-10-06T09:29:52.179Z"
  }
},
{
  "model": "quiz.answer",
  "pk": 70,
  "fields": {
    "text": "Foam",
    "correct": false,
    "question": 31,
    "created": "2022-10-06T09:29:52.179Z"
  }
},
{
  "model": "quiz.answer",
  "pk": 71,
  "fields": {
    "text": "When you think it's safe",
    "correct": false,
    "question": 32,
    "created": "2022-10-06T09:30:15.726Z"
  }
},
{
  "model": "quiz.answer",
  "pk": 72,
  "fields": {
    "text": "When you have been told it is safe to do so.",
    "correct": true,
    "question": 32,
    "created": "2022-10-06T09:30:15.726Z"
  }
},
{
  "model": "quiz.answer",
  "pk": 73,
  "fields": {
    "text": "The Manual Handling Operations Regulations 1992 (as amended) (MHOR) amended in 2002",
    "correct": true,
    "question": 33,
    "created": "2022-10-11T11:13:17.851Z"
  }
},
{
  "model": "quiz.answer",
  "pk": 74,
  "fields": {
    "text": "The moving people and objects safely Regulations",
    "correct": false,
    "question": 33,
    "created": "2022-10-11T11:13:17.852Z"
  }
},
{
  "model": "quiz.answer",
  "pk": 75,
  "fields": {
    "text": "9.5 million",
    "correct": true,
    "question": 34,
    "created": "2022-10-11T11:13:46.741Z"
  }
},
{
  "model": "quiz.answer",
  "pk": 76,
  "fields": {
    "text": "368,678 days",
    "correct": false,
    "question": 34,
    "created": "2022-10-11T11:13:46.741Z"
  }
},
{
  "model": "quiz.answer",
  "pk": 77,
  "fields": {
    "text": "Regular weight training",
    "correct": false,
    "question": 35,
    "created": "2022-10-11T11:14:11.911Z"
  }
},
{
  "model": "quiz.answer",
  "pk": 78,
  "fields": {
    "text": "Avoid",
    "correct": true,
    "question": 35,
    "created": "2022-10-11T11:14:11.913Z"
  }
},
{
  "model": "quiz.answer",
  "pk": 79,
  "fields": {
    "text": "Males",
    "correct": true,
    "question": 36,
    "created": "2022-10-11T11:14:34.455Z"
  }
},
{
  "model": "quiz.answer",
  "pk": 80,
  "fields": {
    "text": "Females",
    "correct": false,
    "question": 36,
    "created": "2022-10-11T11:14:34.456Z"
  }
},
{
  "model": "quiz.answer",
  "pk": 81,
  "fields": {
    "text": "Prime condition",
    "correct": false,
    "question": 37,
    "created": "2022-10-11T11:14:57.500Z"
  }
},
{
  "model": "quiz.answer",
  "pk": 82,
  "fields": {
    "text": "Line",
    "correct": true,
    "question": 37,
    "created": "2022-10-11T11:14:57.501Z"
  }
},
{
  "model": "quiz.answer",
  "pk": 83,
  "fields": {
    "text": "Back, Upper limb, lower limb",
    "correct": true,
    "question": 38,
    "created": "2022-10-11T11:15:22.452Z"
  }
},
{
  "model": "quiz.answer",
  "pk": 84,
  "fields": {
    "text": "Back, torso, legs",
    "correct": false,
    "question": 38,
    "created": "2022-10-11T11:15:22.453Z"
  }
},
{
  "model": "quiz.answer",
  "pk": 85,
  "fields": {
    "text": "Centre of gravity",
    "correct": true,
    "question": 39,
    "created": "2022-10-11T11:15:49.357Z"
  }
},
{
  "model": "quiz.answer",
  "pk": 86,
  "fields": {
    "text": "Above your head",
    "correct": false,
    "question": 39,
    "created": "2022-10-11T11:15:49.358Z"
  }
},
{
  "model": "quiz.answer",
  "pk": 87,
  "fields": {
    "text": "When it will be quicker than someone moving themselves",
    "correct": false,
    "question": 40,
    "created": "2022-10-11T11:16:20.009Z"
  }
},
{
  "model": "quiz.answer",
  "pk": 88,
  "fields": {
    "text": "Only when trained to do so.",
    "correct": true,
    "question": 40,
    "created": "2022-10-11T11:16:20.009Z"
  }
},
{
  "model": "quiz.answer",
  "pk": 89,
  "fields": {
    "text": "One, two, three",
    "correct": false,
    "question": 41,
    "created": "2022-10-11T11:16:47.170Z"
  }
},
{
  "model": "quiz.answer",
  "pk": 90,
  "fields": {
    "text": "Ready, steady, move",
    "correct": true,
    "question": 41,
    "created": "2022-10-11T11:16:47.170Z"
  }
},
{
  "model": "quiz.answer",
  "pk": 91,
  "fields": {
    "text": "You",
    "correct": false,
    "question": 42,
    "created": "2022-10-11T11:17:20.522Z"
  }
},
{
  "model": "quiz.answer",
  "pk": 92,
  "fields": {
    "text": "Your employer",
    "correct": false,
    "question": 42,
    "created": "2022-10-11T11:17:20.524Z"
  }
},
{
  "model": "quiz.answer",
  "pk": 93,
  "fields": {
    "text": "Both have responsibilities",
    "correct": true,
    "question": 42,
    "created": "2022-10-11T11:17:20.525Z"
  }
}
]
